,M Vijay,SR Watson,F du Plessis,AT Rayudu,RA Jadeja,SM Curran,MS Dhoni,DA Warner,WP Saha,JR Philippe,D Padikkal,V Kohli,AB de Villiers,S Dube,Gurkeerat Singh,CH Morris,Washington Sundar,Shubman Gill,SP Narine,KD Karthik,N Rana,EJG Morgan,AD Russell,NS Naik,PJ Cummins,Shivam Mavi,Kuldeep Yadav,YBK Jaiswal,SPD Smith,JC Buttler,SV Samson,MK Lomror,TK Curran,R Tewatia,JC Archer,S Gopal,AS Rajpoot,KL Rahul,MA Agarwal,CH Gayle,N Pooran,GJ Maxwell,DJ Hooda,CJ Jordan,RD Gaikwad,N Jagadeesan,DL Chahar,SN Thakur,Imran Tahir,RA Tripathi,PP Shaw,AM Rahane,S Dhawan,SS Iyer,MP Stoinis,AT Carey,RR Pant,SO Hetmyer,HV Patel,R Ashwin,P Dubey,K Rabada,JM Bairstow,MK Pandey,KS Williamson,PK Garg,Abhishek Sharma,Abdul Samad,Rashid Khan,Sandeep Sharma,RV Uthappa,BA Stokes,AJ Finch,AR Patel,DR Sams,degree_centrality
TA Boult,0.0,0.19794,0.28039,0.0,0.14928,0.11695,0.0,0.0,0.0,0.0,0.31883,0.0,0.0,0.0,0.0,0.02428,0.0,0.28959,0.0,0.0,0.0,0.0,0.0,0.00073,0.0,0.0,0.0,0.02637,0.0,0.0,0.27167,0.0,0.0,0.0,0.0,0.0,0.0,0.0,0.0,0.0,0.0,0.0,0.0,0.01816,0.14528,0.0,0.0,0.0,0.0,0.13559,0.36854,0.13633,0.36826,0.0,0.19502,0.0,0.0,0.11139,0.0,0.0237,0.0,0.0,0.2032,0.0,0.19597,0.0,0.0,0.0,0.0,0.0,0.0,0.0,0.18161,0.0,0.0,3.7590800000000004
JL Pattinson,0.01844,0.0,0.0,0.0,0.0,0.0,0.0,0.27679,0.0,0.0,0.0,0.0,0.0,0.0,0.0,0.0,0.0,0.0,0.0625,0.0,0.0,0.0,0.0,0.0,0.08625,0.0,0.0,0.0,0.18769,0.21073,0.0,0.0,0.0,0.0,0.0,0.0,0.00619,0.0,0.0,0.0,0.0,0.0,0.0,0.0,0.0,0.0,0.0,0.0,0.0,0.0,0.0,0.0,0.0,0.0,0.0,0.0,0.0,0.0,0.0,0.0,0.0,0.0,0.0,0.2349,0.0,0.0,0.0,0.0,0.0,0.0,0.11436,0.0,0.0,0.0,0.0,1.19785
JJ Bumrah,0.0,0.0,0.0,0.23292,0.0,0.12336,0.0,0.0,0.0,0.0,0.3363,0.35283,0.0,0.09433,0.0,0.0,0.0,0.0,0.0,0.0,0.0,0.29167,0.1374,0.0,0.0,0.0,0.0,0.0,0.23009,0.0,0.0,0.0,0.0,0.20073,0.08541,0.02233,0.0,0.92556,0.29716,0.0,0.50492,0.0,0.0,0.0,0.0,0.0249,0.0,0.0,0.0,0.0,0.0,0.0,0.38843,0.31891,0.41141,0.0,0.20785,0.0,0.01071,0.0,0.0,0.03786,0.0,0.0,0.0,0.0,0.04614,0.0643,0.0,0.0,0.0,0.0,0.0,0.0,0.0,5.34552
KH Pandya,0.0,0.0,0.0,0.0,0.11398,0.0,0.0,0.0,0.0,0.0,0.0,0.0,0.0,0.0,0.0,0.0,0.0,0.0,0.0,0.0,0.0,0.0,0.0,0.0,0.0,0.0,0.0,0.0,0.0,0.0,0.0,0.0,0.0,0.0,0.0,0.0,0.0,0.0,0.0,0.0,0.0,0.0,0.0,0.0,0.0,0.0,0.0,0.0,0.0,0.0,0.0,0.05205,0.0,0.23087,0.0,0.0,0.15046,0.0,0.0,0.0,0.0,0.0,0.0,0.0,0.0,0.06119,0.0,0.0,0.0,0.0,0.0,0.0,0.0,0.0,0.0,0.6085499999999999
RD Chahar,0.0,0.0,0.0,0.20756,0.0,0.0,0.11402,0.0,0.0,0.05485,0.0,0.3144,0.0,0.0,0.0,0.0,0.0,0.27219,0.0,0.1914,0.0,0.0,0.0,0.0,0.0,0.0058,0.0,0.0,0.0,0.0,0.0,0.03755,0.0,0.0,0.0,0.0,0.0,0.0,0.0,0.1823,0.0,0.06065,0.0,0.0,0.0,0.0,0.00478,0.0,0.0,0.0,0.0,0.0,0.0,0.28418,0.1833,0.0,0.0,0.0,0.0,0.0,0.0,0.0,0.0,0.0,0.0,0.0,0.0,0.0,0.0,0.0,0.0,0.0,0.0,0.0,0.0,1.9129800000000001
DS Kulkarni,0.0,0.0,0.0,0.0,0.0,0.0,0.0,0.0,0.0,0.0,0.0,0.0,0.0,0.0,0.0,0.0,0.0,0.0,0.0,0.0,0.0,0.0,0.0,0.0,0.0,0.0,0.0,0.0,0.0,0.0,0.0,0.0,0.0,0.0,0.0,0.0,0.0,0.0,0.0,0.0,0.0,0.0,0.0,0.0,0.0,0.0,0.0,0.0,0.0,0.0,0.0,0.0,0.0,0.0,0.0,0.0,0.0,0.0,0.0,0.0,0.0,0.0,0.0,0.0,0.0,0.0,0.0,0.0,0.0,0.0,0.0,0.0,0.0,0.0,0.0,0.0
NM Coulter-Nile,0.0,0.0,0.0,0.0,0.0,0.0,0.0,0.0,0.0,0.0,0.0,0.0,0.0,0.0,0.0,0.0,0.0,0.0,0.0,0.0,0.23574,0.0,0.0,0.0,0.0,0.0,0.0,0.0,0.0,0.0,0.0,0.0,0.0,0.0,0.0,0.0,0.0,0.0,0.0,0.0,0.0,0.0,0.0,0.0,0.0,0.0,0.0,0.00806,0.0,0.0,0.0,0.0,0.0,0.0,0.0,0.0,0.21863,0.12359,0.0,0.0,0.0,0.0,0.0,0.0,0.0,0.0,0.0,0.0,0.0,0.0,0.0,0.0,0.0,0.06762,0.0,0.65364
KA Pollard,0.0,0.0,0.0,0.0,0.0,0.0,0.0,0.0,0.0,0.0,0.0,0.0,0.24377,0.0,0.0,0.0,0.0,0.0,0.0,0.0,0.16278,0.0,0.0,0.0,0.0,0.0,0.0,0.0,0.0,0.0,0.0,0.0,0.04836,0.0,0.0,0.0,0.0,0.0,0.0,0.0,0.0,0.0,0.0,0.0,0.0,0.0,0.0,0.0,0.0,0.0,0.0,0.0,0.0,0.0,0.0,0.0,0.0,0.0,0.0,0.0,0.0,0.0,0.0,0.0,0.0,0.0,0.0,0.0,0.0,0.0,0.0,0.0,0.0,0.04669,0.0,0.5015999999999999
J Yadav,0.0,0.0,0.0,0.0,0.0,0.0,0.0,0.0,0.0,0.0,0.0,0.0,0.0,0.0,0.0,0.0,0.0,0.0,0.0,0.0,0.0,0.0,0.0,0.0,0.0,0.0,0.0,0.0,0.0,0.0,0.0,0.0,0.0,0.0,0.0,0.0,0.0,0.0,0.0,0.0,0.0,0.0,0.0,0.0,0.0,0.0,0.0,0.0,0.0,0.0,0.0,0.0,0.19135,0.0,0.0,0.0,0.0,0.0,0.0,0.0,0.0,0.0,0.0,0.0,0.0,0.0,0.0,0.0,0.0,0.0,0.0,0.0,0.0,0.0,0.0,0.19135
,RG Sharma,Q de Kock,SA Yadav,SS Tiwary,HH Pandya,KA Pollard,KH Pandya,JL Pattinson,RD Chahar,TA Boult,JJ Bumrah,YBK Jaiswal,SPD Smith,SV Samson,RV Uthappa,R Tewatia,R Parag,TK Curran,JC Archer,RA Tripathi,Shubman Gill,N Rana,SP Narine,EJG Morgan,AD Russell,KD Karthik,PJ Cummins,KL Nagarkoti,Shivam Mavi,CV Varun,KL Rahul,MA Agarwal,CH Gayle,N Pooran,Mandeep Singh,DJ Hooda,JDS Neesham,CJ Jordan,PP Shaw,AM Rahane,S Dhawan,SS Iyer,MP Stoinis,AT Carey,AR Patel,SN Khan,GJ Maxwell,DA Warner,JM Bairstow,MK Pandey,KS Williamson,PK Garg,Abhishek Sharma,Abdul Samad,Ishan Kishan,D Padikkal,AJ Finch,V Kohli,AB de Villiers,Washington Sundar,S Dube,V Shankar,Rashid Khan,S Nadeem,Sandeep Sharma,T Natarajan,BA Stokes,JC Buttler,RK Singh,RR Pant,MM Ali,CH Morris,Gurkeerat Singh,degree_centrality
DL Chahar,0.0,0.0,0.26589,0.0,0.0,0.0,0.0,0.0,0.0,0.0,0.0,0.02337,0.0,0.24079,0.0,0.0,0.0,0.0,0.0,0.0,0.0,0.0,0.0,0.0,0.0,0.0,0.0,0.0,0.0,0.0,0.0,0.0,0.0,0.0,0.0,0.0,0.0,0.0,0.10888,0.06042,0.0,0.0,0.0,0.0,0.0,0.0,0.0,0.0,0.18011,0.0,0.0,0.0,0.03877,0.0,0.0,0.0,0.16097,0.0,0.28201,0.0,0.0,0.0,0.0,0.0,0.0,0.0,0.18414,0.0,0.0,0.0,0.0,0.02152,0.0,1.56687
SM Curran,0.0,0.26185,0.0,0.0,0.0,0.0,0.0,0.0,0.0,0.0,0.0,0.0,0.18828,0.0,0.0,0.16425,0.05621,0.0,0.0,0.0,0.0,0.0,0.0,0.23866,0.0,0.08788,0.0,0.0,0.0,0.0,0.0,0.0,0.0,0.0,0.0,0.0,0.0,0.0,0.0,0.0,0.0,0.26096,0.0,0.01812,0.0,0.0,0.0,0.27765,0.0,0.23563,0.0,0.0,0.0,0.0,0.0,0.0,0.15675,0.28871,0.0,0.06536,0.0,0.0,0.0,0.0,0.0,0.0,0.0,0.0,0.0,0.0,0.00676,0.0,0.0,2.30707
L Ngidi,0.0,0.0,0.0,0.0,0.0,0.29222,0.10483,0.01304,0.0,0.0,0.0,0.0,0.0,0.42105,0.0,0.0,0.0,0.0,0.0,0.0,0.0,0.3293,0.0,0.42856,0.0,0.0,0.0,0.0,0.0,0.0,0.67999,0.43663,0.0,0.0,0.0,0.0,0.02083,0.0,0.0,0.0,0.0,0.0,0.0,0.0,0.0,0.0,0.0,0.0,0.0,0.0,0.0,0.0,0.0,0.0,0.0,0.0,0.0,0.0,0.0,0.0,0.0,0.0,0.0,0.0,0.0,0.0,0.0,0.0,0.0,0.0,0.0,0.0,0.0,2.72645
PP Chawla,0.18209,0.0,0.0,0.0,0.0,0.0,0.0,0.0,0.0,0.0,0.0,0.0,0.0,0.0,0.12172,0.0,0.0,0.0,0.0,0.0,0.0,0.0,0.0,0.0,0.0,0.0,0.0,0.0,0.0,0.0,0.0,0.25801,0.0,0.0,0.0,0.0,0.0,0.0,0.11251,0.0,0.33727,0.0,0.0,0.0,0.0,0.0,0.0,0.29461,0.0,0.0,0.17948,0.0,0.0,0.0,0.0,0.0,0.0,0.0,0.0,0.0,0.0,0.0,0.0,0.0,0.0,0.0,0.0,0.0,0.0,0.0,0.0,0.0,0.0,1.48569
RA Jadeja,0.0,0.0,0.0,0.04957,0.14553,0.0,0.0,0.0,0.0,0.0,0.0,0.0,0.0,0.0,0.0,0.0,0.0,0.0,0.0,0.0,0.0,0.0,0.0,0.0,0.0,0.0,0.0,0.0,0.0,0.0,0.0,0.0,0.0,0.0,0.133,0.0,0.0,0.0,0.0,0.0,0.0,0.0,0.0,0.0,0.0,0.0,0.0,0.0,0.16709,0.0,0.0,0.0,0.0,0.0,0.0,0.0,0.0,0.0,0.0,0.0,0.0,0.0,0.0,0.0,0.0,0.0,0.0,0.0,0.00508,0.0,0.0,0.0,0.0,0.50027
SN Thakur,0.0,0.0,0.0,0.0,0.0,0.0,0.0,0.0,0.0,0.0,0.0,0.0,0.0,0.0,0.0,0.0,0.0,0.0,0.0,0.0,0.24883,0.0,0.0,0.0,0.05597,0.0,0.0,0.0,0.0,0.0,0.37699,0.0,0.0,0.41132,0.0,0.0,0.0,0.0,0.0,0.0,0.0,0.0,0.16757,0.0,0.0,0.0,0.0,0.0,0.0,0.23458,0.0,0.0,0.0,0.0,0.0,0.27396,0.0,0.0,0.2734,0.0,0.0,0.0,0.01924,0.0,0.0,0.0,0.0,0.0,0.0,0.0,0.0,0.0,0.0,2.0618600000000002
KV Sharma,0.0,0.0,0.0,0.0,0.0,0.0,0.0,0.0,0.0,0.0,0.0,0.0,0.0,0.0,0.0,0.0,0.0,0.0,0.0,0.0,0.26561,0.19488,0.06662,0.0,0.0,0.0,0.0,0.0,0.0,0.0,0.0,0.0,0.0,0.0,0.0,0.0,0.0,0.0,0.0,0.0,0.0,0.0,0.0,0.0,0.0,0.0,0.0,0.0,0.0,0.0,0.17974,0.0735,0.0,0.0,0.0,0.0,0.0,0.0,0.0,0.0,0.0,0.0,0.0,0.0,0.0,0.0,0.0,0.0,0.0,0.0,0.0,0.0,0.0,0.78035
DJ Bravo,0.0,0.0,0.0,0.0,0.0,0.0,0.0,0.0,0.0,0.0,0.0,0.0,0.0,0.0,0.0,0.0,0.0,0.0,0.0,0.13674,0.0,0.0,0.0,0.0,0.0,0.0,0.0,0.01502,0.00623,0.00659,0.0,0.0,0.0,0.0,0.0,0.0,0.0,0.0,0.0,0.0,0.0,0.30491,0.0,0.0,0.0,0.0,0.0,0.0,0.0,0.0,0.0,0.0,0.0,0.0,0.0,0.0,0.0,0.0,0.0,0.0,0.0,0.06217,0.0,0.00486,0.0,0.0,0.0,0.0,0.0,0.0,0.0,0.0,0.0,0.53652
Imran Tahir,0.0,0.0,0.0,0.0,0.0,0.0,0.0,0.0,0.0,0.0,0.0,0.0,0.0,0.0,0.0,0.0,0.0,0.0,0.0,0.0,0.0,0.0,0.0,0.0,0.0,0.0,0.0,0.0,0.0,0.0,0.0,0.0,0.23018,0.0,0.0,0.0,0.0,0.0,0.0,0.0,0.0,0.0,0.0,0.0,0.0,0.0,0.0,0.0,0.0,0.0,0.0,0.0,0.0,0.0,0.0,0.0,0.0,0.0,0.0,0.0,0.0,0.0,0.0,0.0,0.0,0.0,0.0,0.0,0.0,0.0,0.0,0.0,0.0,0.23018
JR Hazlewood,0.0,0.0,0.0,0.0,0.0,0.0,0.0,0.0,0.0,0.0,0.0,0.0,0.0,0.0,0.05198,0.0,0.0,0.0,0.0,0.0,0.0,0.0,0.0,0.0,0.0,0.0,0.0,0.0,0.0,0.0,0.0,0.0,0.0,0.0,0.0,0.0,0.0,0.0,0.0,0.0,0.0,0.0,0.0,0.0,0.0,0.0,0.0,0.0,0.0,0.0,0.0,0.0,0.0,0.0,0.0,0.0,0.0,0.0,0.0,0.0,0.0,0.0,0.0,0.0,0.0,0.0,0.0,0.0,0.0,0.0,0.0,0.0,0.0,0.05198
MJ Santner,0.0,0.0,0.0,0.0,0.0,0.0,0.0,0.0,0.0,0.0,0.0,0.0,0.0,0.0,0.0,0.0,0.0,0.0,0.0,0.0,0.0,0.0,0.07421,0.0,0.0,0.0,0.0,0.0,0.0,0.0,0.0,0.0,0.0,0.0,0.0,0.0,0.0,0.0,0.0,0.0,0.0,0.0,0.0,0.0,0.0,0.0,0.0,0.0,0.0,0.0,0.0,0.0,0.0,0.0,0.0,0.32573,0.0,0.0,0.0,0.0,0.0,0.0,0.0,0.0,0.0,0.0,0.0,0.0,0.0,0.0,0.0,0.0,0.0,0.39994
Monu Kumar,0.0,0.0,0.0,0.0,0.0,0.0,0.0,0.0,0.0,0.0,0.0,0.0,0.0,0.0,0.0,0.0,0.0,0.0,0.0,0.0,0.0,0.0,0.0,0.0,0.0,0.0,0.0,0.0,0.0,0.0,0.0,0.0,0.0,0.0,0.0,0.0,0.0,0.0,0.0,0.0,0.0,0.0,0.0,0.0,0.0,0.0,0.0,0.0,0.0,0.0,0.0,0.0,0.0,0.0,0.0,0.0,0.0,0.0,0.0,0.0,0.0,0.0,0.0,0.0,0.0,0.0,0.0,0.0,0.0,0.0,0.0,0.0,0.0,0.0
,KL Rahul,MA Agarwal,KK Nair,N Pooran,GJ Maxwell,SN Khan,K Gowtham,CJ Jordan,Shubman Gill,N Rana,RA Tripathi,KD Karthik,SP Narine,EJG Morgan,YBK Jaiswal,JC Buttler,SPD Smith,SV Samson,MK Lomror,R Tewatia,AJ Tye,JC Archer,S Gopal,Kartik Tyagi,VR Aaron,JR Philippe,D Padikkal,V Kohli,AB de Villiers,CH Morris,S Dube,I Udana,Washington Sundar,Shahbaz Ahmed,SM Curran,F du Plessis,SR Watson,AT Rayudu,MS Dhoni,RA Jadeja,AD Russell,PJ Cummins,KL Nagarkoti,Shivam Mavi,AJ Finch,MM Ali,NA Saini,Mohammed Siraj,YS Chahal,DA Warner,WP Saha,MK Pandey,KS Williamson,RG Sharma,Q de Kock,SA Yadav,Ishan Kishan,HH Pandya,KA Pollard,KH Pandya,JM Bairstow,Abdul Samad,Abhishek Sharma,M Vijay,RD Gaikwad,KM Jadhav,BA Stokes,RV Uthappa,R Parag,CH Gayle,DJ Hooda,JDS Neesham,PK Garg,JO Holder,Rashid Khan,SP Goswami,S Nadeem,Sandeep Sharma,degree_centrality
A Nortje,0.0,0.0,0.0,0.0,0.0,0.0,0.0,0.0,0.31149,0.0,0.14585,0.0,0.07813,0.29743,0.0,0.26343,0.23464,0.0,0.0,0.0,0.0,0.0,0.0,0.0,0.0,0.0,0.34295,0.0,0.68449,0.02612,0.0,0.01053,0.0,0.0,0.0,0.0,0.21292,0.0,0.13048,0.0,0.0,0.10783,0.0,0.0,0.0,0.0,0.0,0.01222,0.0,0.0,0.15226,0.0,0.0,0.21386,0.32632,0.32268,0.0,0.19037,0.0,0.0,0.0,0.0,0.0,0.02305,0.0,0.04766,0.0,0.14296,0.0,0.0,0.0,0.0,0.0,0.0,0.0,0.0,0.0,0.0,4.27767
MM Sharma,0.40901,0.0,0.0,0.0,0.0,0.0,0.0,0.0,0.0,0.0,0.0,0.0,0.0,0.0,0.0,0.0,0.0,0.0,0.0,0.0,0.0,0.0,0.0,0.0,0.0,0.0,0.0,0.0,0.0,0.0,0.0,0.0,0.0,0.0,0.0,0.0,0.0,0.0,0.0,0.0,0.0,0.0,0.0,0.0,0.0,0.0,0.0,0.0,0.0,0.0,0.0,0.0,0.0,0.0,0.0,0.0,0.0,0.0,0.0,0.0,0.0,0.0,0.0,0.0,0.0,0.0,0.0,0.0,0.0,0.0,0.0,0.0,0.0,0.0,0.0,0.0,0.0,0.0,0.40901
K Rabada,0.60673,0.0,0.0,0.66198,0.17847,0.0,0.04219,0.0,0.0,0.0,0.0,0.1408,0.10045,0.0,0.0,0.0,0.0,0.0,0.0,0.26317,0.0,0.22394,0.0,0.0,0.00055,0.08071,0.0,0.46257,0.0,0.0,0.24735,0.01354,0.10472,0.0,0.0,0.77549,0.0,0.0,0.16775,0.20643,0.09007,0.0,0.0,0.0,0.0,0.0,0.0,0.0,0.0,0.44485,0.0,0.0,0.271,0.0,0.0,0.41485,0.44667,0.0,0.26073,0.0,0.28101,0.0843,0.0,0.0,0.0,0.0,0.0,0.0,0.0,0.0,0.0,0.0,0.0,0.0,0.03096,0.0,0.0,0.0,6.601280000000001
R Ashwin,0.0,0.0,0.01085,0.22346,0.0,0.0,0.0,0.0,0.0,0.0,0.0,0.0,0.0,0.0,0.0,0.22865,0.20366,0.0,0.0373,0.0,0.0,0.0,0.0,0.0,0.0,0.0,0.29766,0.31229,0.0,0.0,0.0,0.0,0.0,0.0,0.0,0.0,0.0,0.0,0.0,0.0,0.0,0.0,0.0,0.0,0.0,0.0,0.0,0.0,0.0,0.30033,0.0,0.0,0.0,0.18563,0.56647,0.0,0.0,0.0,0.17603,0.0,0.0,0.0,0.0,0.0,0.0,0.0,0.0,0.0,0.0,0.18107,0.0,0.0,0.0,0.0,0.0,0.0,0.0,0.0,2.7234
AR Patel,0.35771,0.0,0.0,0.0,0.0,0.01895,0.0,0.0,0.0,0.0,0.0,0.0,0.0,0.0,0.0,0.0,0.0,0.2215,0.0,0.0,0.00391,0.0,0.0,0.0,0.0,0.0,0.0,0.0,0.0,0.0,0.0,0.0,0.0,0.0,0.0,0.0,0.16139,0.0,0.0,0.0,0.0,0.0,0.0,0.0,0.14807,0.00639,0.0,0.0,0.0,0.0,0.0,0.0,0.0,0.1621,0.0,0.0,0.0,0.0,0.0,0.0,0.0,0.0,0.0,0.0,0.0,0.0,0.0,0.0,0.0,0.0,0.0,0.0,0.0,0.0351,0.0,0.0,0.0,0.0,1.11512
MP Stoinis,0.0,0.23173,0.0,0.0,0.0,0.0,0.0,0.01494,0.0,0.17477,0.11153,0.0,0.0,0.22745,0.02169,0.0,0.0,0.22346,0.0,0.0,0.0,0.0,0.0,0.0,0.0,0.0,0.0,0.0,0.0,0.0,0.0,0.0,0.0,0.0,0.0,0.0,0.0,0.0,0.0,0.0,0.0,0.0,0.0,0.0,0.0,0.0,0.0,0.0,0.0,0.0,0.0,0.22456,0.1612,0.0,0.24954,0.0,0.0,0.14557,0.0,0.05564,0.0,0.0,0.0,0.0,0.0,0.0,0.0,0.0,0.0,0.0,0.0,0.0,0.06591,0.0,0.0,0.0,0.0,0.0,1.90799
TU Deshpande,0.0,0.0,0.0,0.0,0.0,0.0,0.0,0.0,0.0,0.0,0.0,0.0,0.0,0.0,0.0,0.0,0.0,0.0,0.0,0.0,0.0,0.0,0.02264,0.0,0.0,0.0,0.0,0.0,0.0,0.0,0.0,0.0,0.0,0.0,0.12504,0.0,0.0,0.0,0.0,0.0,0.0,0.0,0.0,0.0,0.0,0.0,0.0,0.0,0.0,0.0,0.0,0.0,0.0,0.0,0.0,0.0,0.0,0.0,0.0,0.0,0.0,0.0,0.0,0.0,0.0,0.0,0.22213,0.0,0.0,0.0,0.0,0.0,0.0,0.0,0.0,0.0,0.0,0.0,0.36980999999999997
HV Patel,0.0,0.0,0.0,0.0,0.0,0.0,0.0,0.0,0.0,0.18132,0.0,0.08689,0.0,0.0,0.0,0.0,0.0,0.0,0.0,0.0,0.0,0.0,0.01807,0.0,0.0,0.0,0.0,0.0,0.0,0.0,0.0,0.0,0.0,0.0,0.0,0.0,0.0,0.0,0.0,0.0,0.0,0.0,0.0,0.0,0.0,0.0,0.0,0.0,0.0,0.0,0.0,0.0,0.0,0.0,0.0,0.0,0.0,0.0,0.0,0.0,0.0,0.0,0.0,0.0,0.0,0.0,0.0,0.0,0.0,0.0,0.0,0.0,0.0,0.0,0.0,0.0,0.0,0.0,0.28628
DR Sams,0.0,0.0,0.0,0.0,0.0,0.0,0.0,0.0,0.0,0.0,0.0,0.0,0.0,0.0,0.0,0.0,0.0,0.0,0.0,0.0,0.0,0.0,0.0,0.0,0.0,0.0,0.0,0.0,0.0,0.0,0.0,0.0,0.0,0.0,0.0,0.0,0.0,0.0,0.0,0.0,0.0,0.0,0.0,0.0,0.0,0.0,0.0,0.0,0.0,0.0,0.0,0.0,0.0,0.0,0.0,0.0,0.0,0.0,0.0,0.0,0.0,0.0,0.0,0.0,0.0,0.0,0.0,0.0,0.0,0.0,0.0,0.0,0.0,0.0,0.0,0.0,0.0,0.0,0.0
A Mishra,0.0,0.0,0.0,0.0,0.0,0.0,0.0,0.0,0.2999,0.0,0.0,0.0,0.0,0.0,0.0,0.0,0.0,0.0,0.0,0.0,0.0,0.0,0.0,0.0,0.0,0.0,0.0,0.0,0.0,0.0,0.0,0.0,0.0,0.0,0.0,0.0,0.0,0.0,0.0,0.0,0.0,0.0,0.0,0.0,0.0,0.0,0.0,0.0,0.0,0.33313,0.0,0.28272,0.0,0.0,0.0,0.0,0.0,0.0,0.0,0.0,0.0,0.0,0.0,0.0,0.0,0.0,0.0,0.0,0.0,0.0,0.0,0.0,0.0,0.0,0.0,0.0,0.0,0.0,0.9157500000000001
I Sharma,0.0,0.0,0.0,0.0,0.0,0.0,0.0,0.0,0.0,0.0,0.0,0.0,0.0,0.0,0.0,0.0,0.0,0.0,0.0,0.0,0.0,0.0,0.0,0.0,0.0,0.0,0.0,0.0,0.0,0.0,0.0,0.0,0.0,0.0,0.0,0.0,0.0,0.0,0.0,0.0,0.0,0.0,0.0,0.0,0.0,0.0,0.0,0.0,0.0,0.0,0.0,0.0,0.0,0.0,0.0,0.0,0.0,0.0,0.0,0.0,0.0,0.0,0.0,0.0,0.0,0.0,0.0,0.0,0.0,0.0,0.0,0.0,0.0,0.0,0.0,0.0,0.0,0.0,0.0
P Dubey,0.0,0.0,0.0,0.0,0.0,0.0,0.0,0.0,0.0,0.0,0.0,0.0,0.0,0.0,0.0,0.0,0.0,0.0,0.0,0.0,0.0,0.0,0.0,0.0,0.0,0.0,0.0,0.0,0.0,0.0,0.0,0.0,0.0,0.0,0.0,0.0,0.0,0.0,0.0,0.0,0.0,0.0,0.0,0.0,0.0,0.0,0.0,0.0,0.0,0.0,0.0,0.0,0.0,0.0,0.0,0.0,0.0,0.0,0.0,0.0,0.0,0.0,0.0,0.0,0.0,0.0,0.0,0.0,0.0,0.0,0.0,0.0,0.0,0.0,0.0,0.0,0.0,0.0,0.0
Avesh Khan,0.0,0.0,0.0,0.0,0.0,0.0,0.0,0.0,0.0,0.0,0.0,0.0,0.0,0.0,0.0,0.0,0.0,0.0,0.0,0.0,0.0,0.0,0.0,0.0,0.0,0.0,0.0,0.0,0.0,0.0,0.0,0.0,0.0,0.0,0.0,0.0,0.0,0.0,0.0,0.0,0.0,0.0,0.0,0.0,0.0,0.0,0.0,0.0,0.0,0.0,0.0,0.0,0.0,0.0,0.0,0.0,0.0,0.0,0.0,0.0,0.0,0.0,0.0,0.0,0.0,0.0,0.0,0.0,0.0,0.0,0.0,0.0,0.0,0.0,0.0,0.0,0.0,0.0,0.0
,PP Shaw,S Dhawan,SO Hetmyer,SS Iyer,RR Pant,AR Patel,MP Stoinis,R Ashwin,A Nortje,DA Warner,JM Bairstow,MK Pandey,Abdul Samad,V Shankar,JO Holder,PK Garg,Rashid Khan,Sandeep Sharma,KK Ahmed,Q de Kock,SA Yadav,RG Sharma,Ishan Kishan,KA Pollard,HH Pandya,RD Gaikwad,F du Plessis,AT Rayudu,D Padikkal,AJ Finch,JR Philippe,V Kohli,AB de Villiers,Washington Sundar,S Dube,UT Yadav,NA Saini,DW Steyn,YS Chahal,SR Watson,KH Pandya,NM Coulter-Nile,Shubman Gill,N Rana,RA Tripathi,KD Karthik,EJG Morgan,SP Narine,KL Nagarkoti,PJ Cummins,LH Ferguson,CV Varun,M Prasidh Krishna,AD Russell,JC Buttler,SPD Smith,SV Samson,R Tewatia,RV Uthappa,JC Archer,R Parag,TK Curran,I Udana,CH Morris,BA Stokes,KS Williamson,Abhishek Sharma,degree_centrality
SS Cottrell,0.0,0.0,0.0,0.0,0.0,0.05201,0.0,0.02023,0.0,0.0,0.0,0.0,0.0,0.0,0.0,0.0,0.0,0.0,0.0,0.2589,0.0,0.0,0.0,0.0,0.0,0.0,0.0,0.0,0.27209,0.0,0.0,0.28546,0.0,0.0,0.0,0.0,0.0,0.0,0.0,0.0,0.0,0.0,0.0,0.0,0.0,0.0,0.0,0.0,0.0,0.0,0.0,0.0,0.0,0.0,0.209,0.0,0.0,0.0,0.0,0.0,0.0,0.0,0.0,0.0,0.0,0.0,0.0,1.09769
Mohammed Shami,0.09192,0.27556,0.1667,0.22624,0.0,0.0,0.14593,0.0,0.0,0.0,0.0,0.0,0.04562,0.0,0.0,0.0,0.0,0.0,0.0,0.22701,0.22448,0.14878,0.0,0.0,0.13243,0.0,0.0,0.0,0.0,0.0,0.04367,0.2503,0.23809,0.0,0.0,0.0,0.0,0.0,0.0,0.0,0.0,0.0,0.43339,0.0,0.20293,0.07619,0.0,0.0,0.0,0.0,0.0,0.0,0.0,0.0,0.0,0.0,0.20329,0.1424,0.09945,0.0,0.0,0.0,0.0,0.0,0.0,0.0,0.03273,3.4071099999999994
CJ Jordan,0.0,0.0,0.0,0.0,0.0,0.0,0.17026,0.0,0.0,0.0,0.0,0.23834,0.0,0.0,0.03759,0.0,0.01954,0.0,0.0,0.26486,0.0,0.0,0.0,0.0,0.0,0.0,0.24479,0.0,0.0,0.0,0.0,0.0,0.0,0.0,0.07808,0.0,0.0,0.0,0.0,0.0,0.0,0.0,0.0,0.0,0.0,0.08889,0.0,0.06342,0.0,0.0,0.0,0.00571,0.0,0.0,0.0,0.0,0.0,0.0,0.0,0.0,0.0,0.0,0.0,0.0,0.18137,0.0,0.0,1.39285
K Gowtham,0.0,0.0,0.0,0.0,0.0,0.0,0.0,0.0,0.0,0.0,0.0,0.0,0.0,0.0,0.0,0.0,0.0,0.0,0.0,0.0,0.0,0.0,0.18702,0.0,0.0,0.0,0.0,0.0,0.0,0.0,0.0,0.0,0.0,0.0,0.0,0.0,0.0,0.0,0.0,0.0,0.0,0.0,0.0,0.0,0.0,0.0,0.0,0.0,0.0,0.0,0.0,0.0,0.0,0.0,0.0,0.0,0.0,0.0,0.0,0.0,0.0,0.0,0.0,0.0,0.0,0.0,0.0,0.18702
Ravi Bishnoi,0.0,0.0,0.0,0.0,0.15743,0.0,0.0,0.0,0.0,0.51399,0.16234,0.0,0.0487,0.0,0.0,0.0,0.0,0.0,0.0,0.0,0.0,0.0,0.0,0.0,0.0,0.0,0.0,0.0,0.0,0.14509,0.0,0.0,0.0,0.0605,0.0,0.0,0.0,0.0,0.0,0.0,0.05404,0.0,0.0,0.0,0.0,0.0,0.44183,0.0,0.0,0.08009,0.0,0.0,0.0,0.0,0.0,0.0,0.0,0.0,0.0,0.0,0.0,0.0,0.0,0.0,0.0,0.0,0.0,1.66401
Arshdeep Singh,0.0,0.0,0.0,0.0,0.0,0.0,0.0,0.0,0.0,0.0,0.0,0.25076,0.0,0.05663,0.0,0.14721,0.0,0.00569,0.0,0.0,0.0,0.18263,0.29669,0.0,0.0,0.0,0.0,0.0,0.29286,0.0,0.0,0.0,0.0,0.0,0.0,0.0,0.0,0.0,0.0,0.0,0.0,0.0,0.0,0.0,0.0,0.0,0.0,0.0,0.0,0.0,0.0,0.0,0.0,0.05983,0.0,0.0,0.0,0.0,0.0,0.0,0.0,0.0,0.0,0.0,0.0,0.0,0.0,1.2923
M Ashwin,0.0,0.0,0.0,0.24132,0.0,0.0,0.0,0.0,0.0,0.0,0.16219,0.0,0.0,0.0,0.0,0.0,0.0,0.0,0.0,0.0,0.0,0.0,0.0,0.0,0.0,0.0,0.0,0.0,0.0,0.14495,0.0,0.0,0.25396,0.06044,0.0,0.0,0.01563,0.0,0.00031,0.0,0.0,0.0,0.0,0.0,0.0,0.0,0.0,0.0,0.01189,0.0,0.0,0.0,0.0,0.0,0.0,0.0,0.0,0.0,0.10608,0.0,0.05198,0.0,0.0,0.0,0.0,0.0,0.0,1.04875
JDS Neesham,0.03859,0.0,0.0,0.0,0.0,0.0,0.0,0.0,0.0,0.0,0.0,0.0,0.0,0.0,0.0,0.0,0.0,0.0,0.0,0.0,0.0,0.0,0.0,0.0,0.0,0.0,0.0,0.0,0.0,0.0,0.0,0.0,0.0,0.0,0.0,0.0,0.0,0.0,0.0,0.0,0.0,0.0,0.0,0.0,0.0,0.0,0.0,0.0,0.0,0.0,0.0,0.0,0.0,0.0,0.0,0.06853,0.0,0.0,0.0,0.0,0.0,0.0,0.0,0.0,0.0,0.0,0.0,0.10711999999999999
CH Gayle,0.0,0.0,0.0,0.0,0.0,0.0,0.0,0.0,0.0,0.0,0.0,0.0,0.0,0.0,0.0,0.0,0.0,0.0,0.0,0.0,0.0,0.0,0.0,0.0,0.0,0.0,0.0,0.0,0.0,0.0,0.0,0.0,0.0,0.0,0.0,0.0,0.0,0.0,0.0,0.0,0.0,0.0,0.0,0.0,0.0,0.0,0.0,0.0,0.0,0.0,0.0,0.0,0.0,0.0,0.0,0.0,0.0,0.0,0.0,0.0,0.0,0.0,0.0,0.0,0.0,0.0,0.0,0.0
GJ Maxwell,0.0,0.0,0.0,0.0,0.12015,0.0,0.0,0.0,0.0,0.0,0.0,0.0,0.0,0.0,0.0,0.0,0.0,0.0,0.0,0.0,0.0,0.0,0.0,0.0,0.0,0.0,0.0,0.0,0.0,0.0,0.0,0.0,0.0,0.0,0.05453,0.0,0.0,0.0,0.0,0.0,0.0,0.0,0.0,0.12955,0.0,0.0,0.0,0.0,0.0,0.0,0.0,0.0,0.0,0.0,0.0,0.0,0.0,0.0,0.0,0.0,0.0,0.0,0.0,0.0,0.0,0.0,0.0,0.30423
Harpreet Brar,0.0,0.0,0.0,0.0,0.0,0.0,0.0,0.0,0.0,0.0,0.0,0.0,0.0,0.0,0.0,0.0,0.0,0.0,0.0,0.0,0.0,0.0,0.0,0.0,0.0,0.0,0.0,0.0,0.0,0.0,0.0,0.0,0.0,0.0,0.0,0.0,0.0,0.0,0.0,0.0,0.0,0.0,0.0,0.0,0.0,0.0,0.0,0.0,0.0,0.0,0.0,0.0,0.0,0.0,0.0,0.0,0.0,0.0,0.0,0.0,0.0,0.0,0.0,0.0,0.0,0.0,0.0,0.0
DJ Hooda,0.0,0.0,0.0,0.0,0.0,0.0,0.0,0.0,0.0,0.0,0.0,0.0,0.0,0.0,0.0,0.0,0.0,0.0,0.0,0.0,0.0,0.0,0.0,0.0,0.0,0.0,0.0,0.0,0.0,0.0,0.0,0.0,0.0,0.0,0.0,0.0,0.0,0.0,0.0,0.0,0.0,0.0,0.0,0.0,0.0,0.0,0.0,0.0,0.0,0.0,0.0,0.0,0.0,0.0,0.0,0.0,0.0,0.0,0.0,0.0,0.0,0.0,0.0,0.0,0.0,0.0,0.0,0.0
Mujeeb Ur Rahman,0.0,0.0,0.0,0.0,0.0,0.0,0.0,0.0,0.0,0.0,0.0,0.0,0.0,0.0,0.0,0.0,0.0,0.0,0.0,0.0,0.0,0.0,0.0,0.0,0.0,0.0,0.0,0.0,0.0,0.0,0.0,0.0,0.0,0.0,0.0,0.0,0.0,0.0,0.0,0.0,0.0,0.0,0.0,0.0,0.0,0.0,0.0,0.0,0.0,0.0,0.0,0.0,0.0,0.0,0.0,0.0,0.0,0.0,0.0,0.0,0.0,0.0,0.0,0.0,0.0,0.0,0.0,0.0
,D Padikkal,AJ Finch,Gurkeerat Singh,V Kohli,AM Rahane,SS Iyer,S Dhawan,RR Pant,SO Hetmyer,MP Stoinis,AR Patel,K Rabada,R Ashwin,TU Deshpande,SR Watson,F du Plessis,AT Rayudu,MS Dhoni,SM Curran,KM Jadhav,RA Jadeja,JC Buttler,SPD Smith,SV Samson,RV Uthappa,R Parag,R Tewatia,TK Curran,S Gopal,JC Archer,JD Unadkat,AS Rajpoot,Q de Kock,RG Sharma,SA Yadav,SS Tiwary,HH Pandya,KA Pollard,KH Pandya,JM Bairstow,KS Williamson,PK Garg,DA Warner,MK Pandey,V Shankar,Abdul Samad,Rashid Khan,PP Shaw,KL Rahul,Mandeep Singh,CH Gayle,N Pooran,MA Agarwal,P Simran Singh,GJ Maxwell,BA Stokes,Kartik Tyagi,VR Aaron,RD Gaikwad,AB de Villiers,WP Saha,Mohammad Nabi,Abhishek Sharma,degree_centrality
PJ Cummins,0.0,0.0,0.0,0.0,0.05449,0.0,0.2944,0.0,0.0,0.0,0.0,0.02869,0.0,0.0,0.0,0.0,0.17653,0.0,0.0,0.0,0.0,0.0,0.34877,0.0,0.10625,0.05206,0.0,0.0,0.0,0.0,0.0,0.0,0.0,0.0,0.0,0.0,0.0,0.0,0.0,0.16245,0.0,0.0,0.0,0.0,0.04928,0.0,0.0,0.0,0.0,0.0,0.0,0.0,0.0,0.0,0.0,0.16608,0.0,0.0,0.11614,0.0,0.0,0.0,0.0,1.5551399999999997
M Prasidh Krishna,0.0,0.10215,0.0,0.0,0.0,0.0,0.0,0.0,0.0,0.0,0.0,0.0,0.0,0.0,0.0,0.0,0.0,0.0,0.0,0.0,0.0,0.0,0.0,0.0,0.0,0.0,0.0,0.0,0.0,0.0,0.0,0.0,0.0,0.0,0.0,0.0,0.0,0.0,0.0,0.0,0.0,0.0,0.0,0.0,0.0,0.0,0.0,0.0,0.24678,0.0,0.0,0.0,0.15846,0.0047,0.0,0.0,0.0,0.0,0.0,0.0,0.0,0.0,0.0,0.51209
CV Varun,0.0,0.0,0.0,0.0,0.0,0.34843,0.42438,0.22708,0.12837,0.22474,0.07023,0.0,0.0,0.0,0.22811,0.0,0.0,0.27959,0.0,0.0,0.0,0.28223,0.0,0.0,0.0,0.0,0.43861,0.0,0.0,0.09331,0.0,0.0,0.0,0.0,0.34571,0.0,0.0,0.0,0.0,0.23417,0.0,0.0,0.37071,0.0,0.0,0.0,0.0,0.0,0.50561,0.0,0.0,0.0,0.0,0.0,0.0,0.0,0.0,0.0,0.0,0.0,0.0,0.0,0.0,4.201280000000001
LH Ferguson,0.0,0.11792,0.0,0.0,0.0,0.0,0.0,0.0,0.0,0.0,0.0,0.0,0.0,0.00901,0.0,0.0,0.0,0.0,0.0,0.0,0.0,0.0,0.0,0.0,0.0,0.0,0.0,0.0,0.0,0.0,0.0,0.0,0.0,0.0,0.0,0.0,0.0,0.0,0.0,0.0,0.12724,0.05203,0.20886,0.17726,0.0,0.03958,0.0,0.0,0.0,0.0,0.12593,0.0,0.0,0.0,0.0,0.0,0.0,0.0,0.0,0.0,0.0,0.0,0.0,0.85783
KL Nagarkoti,0.0,0.0,0.0,0.0,0.0,0.0,0.0,0.0,0.0,0.0,0.0,0.0,0.0,0.0,0.0,0.0,0.11964,0.0,0.0,0.0,0.0,0.0,0.0,0.0,0.07201,0.03528,0.0,0.0,0.0,0.04387,0.0,0.0,0.0,0.0,0.0,0.0,0.0,0.0,0.0,0.0,0.0,0.0,0.0,0.0,0.0,0.0,0.0,0.06656,0.0,0.0,0.0,0.0,0.0,0.0,0.0,0.0,0.0,0.0,0.0,0.0,0.0,0.0,0.0,0.33736
SP Narine,0.0,0.0,0.0,0.0,0.0,0.0,0.0,0.0,0.0,0.0,0.0,0.0,0.0,0.0,0.19994,0.0,0.0,0.0,0.0,0.0,0.0,0.0,0.0,0.0,0.0,0.0,0.0,0.0,0.02139,0.0,0.0,0.0,0.0,0.0,0.0,0.06089,0.0,0.0,0.0,0.0,0.0,0.0,0.0,0.0,0.0,0.0,0.0,0.0,0.0,0.08169,0.0,0.24176,0.0,0.0,0.0,0.0,0.0,0.0,0.0,0.0,0.0,0.0,0.0,0.6056699999999999
Shivam Mavi,0.0,0.0,0.0,0.0,0.0,0.0,0.0,0.0,0.0,0.0,0.0,0.0,0.0,0.0,0.0,0.20384,0.0,0.0,0.0,0.0,0.0,0.17804,0.0,0.395,0.0,0.0,0.0,0.0,0.0,0.0,0.0,0.0,0.22055,0.28909,0.0,0.0,0.0,0.0,0.0,0.0,0.0,0.0,0.0,0.0,0.0,0.04432,0.0,0.0,0.0,0.0,0.0,0.0,0.0,0.0,0.0,0.0,0.00203,0.0,0.0,0.0,0.0,0.0,0.0,1.33287
AD Russell,0.2842,0.0,0.0,0.0,0.0,0.0,0.0,0.17565,0.0,0.17384,0.0,0.0,0.0,0.0,0.0,0.0,0.0,0.0,0.10425,0.0,0.0,0.0,0.0,0.0,0.0,0.0,0.0,0.0,0.0,0.0,0.0,0.0,0.0,0.0,0.0,0.0,0.15776,0.0,0.0,0.0,0.0,0.0,0.0,0.24335,0.0,0.0,0.0,0.0,0.0,0.0,0.0,0.0,0.0,0.0,0.0,0.0,0.0,0.0,0.0,0.0,0.0,0.0,0.0,1.1390500000000001
Kuldeep Yadav,0.0,0.0,0.0,0.0,0.0,0.0,0.0,0.0,0.0,0.0,0.0,0.0,0.0,0.0,0.0,0.0,0.0,0.0,0.0,0.0,0.0,0.0,0.0,0.0,0.0,0.0,0.0,0.0,0.0,0.0,0.00453,0.0,0.0,0.0,0.0,0.0,0.0,0.0,0.0,0.0,0.0,0.0,0.0,0.0,0.0,0.0,0.0,0.0,0.0,0.0,0.0,0.0,0.0,0.0,0.0,0.0,0.0,0.0,0.0,0.0,0.0,0.0,0.0,0.00453
S Sandeep Warrier,0.0,0.0,0.0,0.0,0.0,0.0,0.0,0.0,0.0,0.0,0.0,0.0,0.0,0.0,0.0,0.0,0.0,0.0,0.0,0.0,0.0,0.0,0.0,0.0,0.0,0.0,0.0,0.0,0.0,0.0,0.0,0.0,0.0,0.0,0.0,0.0,0.0,0.0,0.0,0.0,0.0,0.0,0.0,0.0,0.0,0.0,0.0,0.0,0.0,0.0,0.0,0.0,0.0,0.0,0.0,0.0,0.0,0.0,0.0,0.0,0.0,0.0,0.0,0.0
N Rana,0.0,0.0,0.0,0.0,0.0,0.0,0.0,0.0,0.0,0.0,0.0,0.0,0.0,0.0,0.0,0.0,0.0,0.0,0.0,0.0,0.0,0.0,0.0,0.0,0.0,0.0,0.0,0.0,0.0,0.0,0.0,0.0,0.0,0.0,0.0,0.0,0.0,0.0,0.0,0.0,0.0,0.0,0.0,0.0,0.0,0.0,0.0,0.0,0.0,0.0,0.0,0.0,0.0,0.0,0.0,0.0,0.0,0.0,0.0,0.0,0.0,0.0,0.0,0.0
CJ Green,0.0,0.0,0.0,0.0,0.0,0.0,0.0,0.0,0.0,0.0,0.0,0.0,0.0,0.0,0.0,0.0,0.0,0.0,0.0,0.0,0.0,0.0,0.0,0.0,0.0,0.0,0.0,0.0,0.0,0.0,0.0,0.0,0.0,0.0,0.0,0.0,0.0,0.0,0.0,0.0,0.0,0.0,0.0,0.0,0.0,0.0,0.0,0.0,0.0,0.0,0.0,0.0,0.0,0.0,0.0,0.0,0.0,0.0,0.0,0.0,0.0,0.0,0.0,0.0
,Shubman Gill,RA Tripathi,N Rana,T Banton,KD Karthik,EJG Morgan,PJ Cummins,Kuldeep Yadav,LH Ferguson,Q de Kock,Ishan Kishan,SA Yadav,SS Tiwary,KH Pandya,HH Pandya,KA Pollard,DA Warner,WP Saha,MK Pandey,KS Williamson,Abhishek Sharma,JO Holder,PP Shaw,S Dhawan,AM Rahane,SS Iyer,RR Pant,MP Stoinis,KL Rahul,MA Agarwal,N Pooran,GJ Maxwell,KK Nair,JC Buttler,SPD Smith,SV Samson,RV Uthappa,MK Lomror,R Parag,R Tewatia,JC Archer,SO Hetmyer,BA Stokes,SR Watson,F du Plessis,AT Rayudu,N Jagadeesan,MS Dhoni,SM Curran,RA Jadeja,DJ Bravo,DL Chahar,SN Thakur,CH Gayle,JM Bairstow,PK Garg,V Shankar,Rashid Khan,B Kumar,Sandeep Sharma,MR Marsh,T Natarajan,AD Russell,KL Nagarkoti,CV Varun,M Prasidh Krishna,RD Gaikwad,RG Sharma,SP Goswami,degree_centrality
CH Morris,0.0,0.0,0.0,0.0,0.0,0.0,0.10459,0.0,0.0,0.0,0.0,0.0,0.0,0.0,0.18465,0.0,0.0,0.0,0.0,0.0,0.0,0.0,0.0,0.0,0.0,0.0,0.0,0.0,0.0,0.0,0.0,0.0,0.0,0.25552,0.22759,0.0,0.0,0.0,0.0,0.0,0.08448,0.0,0.21676,0.0,0.29255,0.0,0.0,0.0,0.12202,0.15575,0.00379,0.0,0.0,0.0,0.0,0.0,0.0,0.0,0.0,0.0,0.0,0.0,0.0,0.01554,0.0,0.0,0.0,0.0,0.0,1.66324
Mohammed Siraj,0.0,0.24426,0.19137,0.00654,0.0,0.0,0.0,0.0,0.0,0.27325,0.0,0.0,0.05429,0.0,0.0,0.0,0.28973,0.0,0.0,0.0,0.0,0.0,0.22129,0.0,0.0,0.0,0.17748,0.0,0.0,0.0,0.0,0.0,0.0,0.0,0.0,0.0,0.0,0.0,0.0,0.0,0.0,0.0,0.0,0.0,0.0,0.0,0.0,0.0,0.0,0.0,0.0,0.0,0.0,0.0,0.0,0.0,0.0,0.0,0.0,0.0,0.0,0.0,0.0,0.0,0.0,0.0,0.0,0.0,0.0,1.45821
NA Saini,0.15878,0.0,0.0,0.00398,0.0,0.0,0.0,0.0,0.0,0.0,0.0,0.0,0.0,0.0,0.0,0.10338,0.0,0.0,0.0,0.0,0.02398,0.0,0.0,0.0,0.0,0.0,0.0,0.0,0.0,0.0,0.0,0.0,0.0,0.13428,0.0,0.0,0.0,0.0,0.0,0.0,0.0,0.0,0.0,0.0,0.0,0.0,0.01294,0.0,0.0,0.0,0.0,0.0,0.0,0.0,0.0,0.0,0.0,0.01227,0.0,0.0,0.0,0.0,0.0,0.0,0.0,0.0,0.0,0.0,0.0,0.44960999999999995
I Udana,0.0,0.0,0.0,0.0,0.0,0.0,0.0,0.0,0.0,0.0,0.22936,0.21301,0.0,0.0,0.0,0.0,0.0,0.0,0.0,0.13915,0.0,0.0,0.0,0.26149,0.0,0.0,0.0,0.0,0.0,0.0,0.0,0.0,0.0,0.0,0.15489,0.0,0.0,0.0,0.04624,0.0,0.0,0.0,0.0,0.0,0.0,0.1568,0.0,0.0,0.0,0.0,0.0,0.0,0.0,0.0,0.0,0.0,0.0,0.0,0.0,0.0,0.0,0.0,0.04625,0.0,0.0,0.0,0.0,0.0,0.0,1.24719
YS Chahal,0.0,0.0,0.0,0.0,0.22653,0.0,0.11152,0.0,0.0,0.33749,0.35932,0.0,0.0,0.07524,0.0,0.0,0.0,0.15747,0.60741,0.0,0.0,0.0,0.0,0.0,0.0,0.0,0.0,0.0,0.0,0.6268,0.0,0.0,0.0,0.0,0.0,0.60444,0.2957,0.04444,0.0,0.0,0.0,0.0,0.0,0.0,0.0,0.24566,0.0,0.13495,0.0,0.0,0.0,0.0,0.0,0.0,0.22605,0.08914,0.06858,0.0,0.0,0.0,0.0,0.0,0.0,0.0,0.0,0.0,0.0,0.0,0.0,4.2107399999999995
Washington Sundar,0.0,0.0,0.1704,0.0,0.0,0.44353,0.0,0.0,0.0,0.0,0.0,0.0,0.0,0.0,0.0,0.0,0.25799,0.0,0.0,0.0,0.0,0.0,0.0,0.0,0.05467,0.0,0.0,0.0,0.0,0.0,0.0,0.0,0.0,0.0,0.0,0.0,0.0,0.0,0.0,0.0,0.0,0.0,0.0,0.15875,0.22487,0.0,0.0,0.0,0.0,0.0,0.0,0.0,0.0,0.0,0.0,0.0,0.0,0.0,0.0,0.0,0.0,0.0,0.0,0.0,0.0,0.0,0.0,0.15946,0.0,1.46967
DW Steyn,0.0,0.0,0.0,0.0,0.0,0.0,0.0,0.0,0.0,0.0,0.0,0.0,0.0,0.0,0.0,0.0,0.0,0.0,0.0,0.0,0.0,0.0,0.0,0.0,0.0,0.0,0.0,0.0,0.0,0.0,0.0,0.0,0.0,0.0,0.0,0.0,0.0,0.0,0.0,0.0,0.0,0.0,0.0,0.0,0.0,0.0,0.0,0.0,0.0,0.0,0.0,0.0,0.0,0.0,0.0,0.0,0.0,0.0,0.0,0.006,0.0,0.0,0.0,0.0,0.0,0.0,0.0,0.0,0.0,0.006
Shahbaz Ahmed,0.0,0.0,0.0,0.0,0.0,0.0,0.0,0.0,0.0,0.0,0.0,0.0,0.0,0.0,0.0,0.0,0.0,0.0,0.0,0.0,0.0,0.0,0.0,0.41898,0.0,0.34399,0.0,0.0,0.0,0.0,0.0,0.0,0.0,0.0,0.0,0.0,0.0,0.0,0.0,0.0,0.0,0.0,0.0,0.0,0.0,0.0,0.0,0.0,0.0,0.0,0.0,0.0,0.0,0.0,0.0,0.0,0.0,0.0,0.0,0.0,0.0,0.0,0.0,0.0,0.0,0.0,0.0,0.0,0.0,0.76297
UT Yadav,0.0,0.0,0.0,0.0,0.0,0.0,0.0,0.0,0.0,0.0,0.0,0.0,0.0,0.0,0.0,0.0,0.0,0.0,0.0,0.0,0.0,0.0,0.0,0.0,0.0,0.0,0.0,0.0,0.0,0.0,0.0,0.0,0.0,0.0,0.0,0.0,0.0,0.0,0.0,0.0,0.0,0.0,0.0,0.0,0.0,0.0,0.0,0.0,0.0,0.0,0.0,0.0,0.0,0.0,0.0,0.0,0.0,0.0,0.0,0.0,0.0,0.0,0.0,0.0,0.0,0.0,0.0,0.0,0.0,0.0
S Dube,0.0,0.0,0.0,0.0,0.0,0.0,0.0,0.0,0.0,0.0,0.0,0.0,0.0,0.0,0.0,0.0,0.0,0.0,0.0,0.0,0.05407,0.0,0.0,0.0,0.0,0.0,0.0,0.0,0.0,0.0,0.29585,0.07976,0.0,0.0,0.0,0.0,0.0,0.0,0.0,0.0,0.0,0.0,0.0,0.0,0.0,0.0,0.0,0.0,0.0,0.0,0.0,0.0,0.0,0.0,0.0,0.09905,0.0,0.0,0.0,0.0,0.0,0.0,0.0,0.0,0.0,0.0,0.0,0.0,0.0,0.5287299999999999
A Zampa,0.0,0.0,0.0,0.0,0.0,0.0,0.0,0.0,0.0,0.0,0.0,0.0,0.0,0.0,0.25141,0.0,0.0,0.0,0.38782,0.0,0.0,0.0,0.0,0.0,0.0,0.0,0.0,0.0,0.0,0.0,0.0,0.0,0.0,0.0,0.0,0.0,0.0,0.0,0.0,0.0,0.0,0.0,0.0,0.0,0.0,0.0,0.0,0.0,0.0,0.0,0.0,0.0,0.0,0.0,0.0,0.0,0.0,0.0,0.0,0.0,0.0,0.0,0.0,0.0,0.0,0.0,0.0,0.0,0.0,0.63923
MM Ali,0.0,0.0,0.0,0.0,0.0,0.0,0.0,0.0,0.0,0.0,0.0,0.0,0.0,0.0,0.0,0.0,0.0,0.0,0.0,0.0,0.0,0.0,0.0,0.0,0.0,0.24571,0.0,0.0,0.0,0.0,0.0,0.0,0.0,0.0,0.0,0.0,0.0,0.0,0.0,0.0,0.0,0.0,0.0,0.0,0.0,0.0,0.0,0.0,0.0,0.0,0.0,0.0,0.0,0.0,0.0,0.0,0.0,0.0,0.0,0.0,0.0,0.0,0.0,0.0,0.0,0.0,0.0,0.0,0.0,0.24571
,RG Sharma,Q de Kock,SA Yadav,Ishan Kishan,KH Pandya,SS Tiwary,KA Pollard,NM Coulter-Nile,JL Pattinson,DS Kulkarni,KL Rahul,Mandeep Singh,CH Gayle,GJ Maxwell,N Pooran,DJ Hooda,CJ Jordan,M Ashwin,JR Philippe,D Padikkal,V Kohli,AB de Villiers,Gurkeerat Singh,Washington Sundar,CH Morris,I Udana,Mohammed Siraj,BA Stokes,JC Buttler,SPD Smith,RV Uthappa,SV Samson,R Parag,R Tewatia,Shubman Gill,RA Tripathi,N Rana,AD Russell,EJG Morgan,KD Karthik,F du Plessis,SR Watson,AT Rayudu,KM Jadhav,MS Dhoni,RA Jadeja,SM Curran,JC Archer,AM Rahane,S Dhawan,MP Stoinis,SO Hetmyer,RR Pant,SS Iyer,AR Patel,K Rabada,TU Deshpande,R Ashwin,A Nortje,DJ Bravo,DL Chahar,AJ Finch,S Dube,HH Pandya,MA Agarwal,P Simran Singh,Mujeeb Ur Rahman,Ravi Bishnoi,Mohammed Shami,SS Cottrell,Arshdeep Singh,SP Narine,MM Ali,NA Saini,degree_centrality
Sandeep Sharma,0.40993,0.31275,0.0,0.66596,0.0,0.0,0.0,0.0,0.0,0.0,0.0,0.08337,0.0,0.06652,0.0,0.0,0.0,0.0,0.0,0.32868,0.34483,0.0,0.0,0.0,0.0,0.0,0.0,0.0,0.0,0.0,0.0,0.0,0.0,0.0,0.0,0.0,0.0,0.0,0.0,0.0,0.28905,0.0,0.0,0.0,0.0,0.0,0.12056,0.0,0.0,0.75927,0.0,0.0,0.20314,0.0,0.0,0.0,0.0,0.0,0.0,0.0,0.0,0.0,0.0,0.0,0.0,0.0,0.0,0.0,0.0,0.0,0.0,0.0,0.0,0.0,3.58406
JO Holder,0.0,0.0,0.0,0.0,0.0,0.0,0.16635,0.01546,0.0,0.0,0.0,0.0,0.17112,0.0,0.0,0.0,0.01602,0.0,0.0,0.2813,0.29512,0.0,0.0,0.0,0.02143,0.00864,0.0,0.0,0.0,0.19246,0.0,0.23969,0.05746,0.0,0.0,0.0,0.0,0.0,0.0,0.0,0.0,0.0,0.0,0.0,0.0,0.0,0.0,0.0,0.0,0.0,0.0,0.0,0.0,0.26675,0.0,0.0,0.0,0.02091,0.0,0.0,0.0,0.0,0.07891,0.0,0.0,0.0,0.0,0.0,0.0,0.0,0.0,0.0,0.0,0.0,1.83162
S Nadeem,0.0,0.0,0.2019,0.0,0.04552,0.0,0.0,0.0,0.0,0.0,0.0,0.0,0.0,0.0,0.0,0.0,0.0,0.0,0.0,0.0,0.0,0.21414,0.0,0.0,0.0,0.0,0.0,0.0,0.0,0.0,0.0,0.0,0.0,0.0,0.0,0.0,0.0,0.0,0.0,0.0,0.0,0.0,0.0,0.0,0.0,0.0,0.0,0.0,0.0,0.0,0.13125,0.0,0.0,0.0,0.0,0.0,0.0,0.0,0.0,0.0,0.0,0.12223,0.0,0.0,0.0,0.0,0.0,0.0,0.0,0.0,0.0,0.0,0.00527,0.0,0.72031
T Natarajan,0.0,0.0,0.0,0.0,0.0,0.0,0.0,0.0,0.0,0.0,0.0,0.0,0.0,0.04697,0.0,0.0,0.0,0.0,0.0,0.0,0.24346,0.23158,0.0,0.11023,0.0,0.0,0.0,0.0,0.0,0.0,0.0,0.0,0.0,0.0,0.0,0.09869,0.15464,0.04741,0.0,0.0,0.0,0.14407,0.16072,0.0,0.08829,0.10865,0.0,0.0,0.0,0.0,0.0,0.0,0.0,0.0,0.0,0.02612,0.0,0.0,0.0032,0.0,0.0,0.0,0.0,0.0,0.0,0.0,0.0,0.0,0.0,0.0,0.0,0.0,0.0,0.0,1.4640300000000002
Rashid Khan,0.0,0.3706,0.0,0.0,0.0,0.07363,0.0,0.0,0.0,0.0,0.53596,0.09879,0.0,0.0,0.29238,0.09051,0.0,0.0,0.07129,0.0,0.0,0.0,0.0,0.0,0.0,0.0,0.0,0.25378,0.0,0.0,0.16236,0.33187,0.0,0.0,0.35376,0.0,0.0,0.0,0.0,0.12438,0.0,0.0,0.0,0.0,0.0,0.0,0.0,0.0,0.08327,0.0,0.23823,0.13607,0.0,0.0,0.07445,0.0,0.0,0.0,0.0,0.0,0.0,0.0,0.0,0.0,0.0,0.0,0.0,0.0,0.00177,0.0,0.0,0.0,0.0,0.0,3.2931
KK Ahmed,0.0,0.0,0.0,0.0,0.0,0.0,0.0,0.0,0.0,0.0,0.0,0.0,0.0,0.0,0.0,0.0,0.0,0.00244,0.0,0.0,0.0,0.0,0.0,0.0,0.0,0.0,0.0,0.23308,0.27476,0.0,0.0,0.0,0.0,0.0,0.0,0.0,0.0,0.0,0.0,0.0,0.0,0.0,0.24775,0.0,0.0,0.0,0.0,0.0,0.0,0.0,0.0,0.0,0.0,0.0,0.0,0.0,0.0,0.0,0.0,0.00407,0.0,0.0,0.0,0.0,0.31607,0.00937,0.00081,0.0,0.0,0.0,0.0,0.0815,0.0,0.0,1.16985
Abhishek Sharma,0.0,0.0,0.0,0.0,0.0,0.0,0.0,0.0,0.0,0.0,0.29418,0.0,0.0,0.0,0.0,0.0,0.0,0.0,0.0,0.0,0.0,0.0,0.0,0.0,0.0,0.0,0.0,0.0,0.0,0.0,0.0,0.0,0.0,0.0,0.0,0.0,0.0,0.0,0.0,0.0,0.0,0.0,0.0,0.0,0.0,0.0,0.0,0.0,0.0,0.0,0.0,0.0,0.0,0.0,0.0,0.0,0.0,0.0,0.0,0.0,0.0,0.12177,0.0,0.0,0.0,0.0,0.0,0.0,0.0,0.0,0.0,0.0,0.0,0.0,0.41595
V Shankar,0.0,0.0,0.0,0.0,0.0,0.0,0.0,0.0,0.0,0.0,0.0,0.0,0.0,0.0,0.0,0.0,0.0,0.0,0.0,0.20907,0.0,0.0,0.0,0.0,0.0,0.0,0.0,0.0,0.1606,0.0,0.0,0.0,0.0,0.0,0.0,0.0,0.13933,0.0,0.0,0.0,0.0,0.0,0.0,0.0,0.0,0.0,0.0,0.0,0.0,0.0,0.0,0.0,0.0,0.19827,0.0,0.0,0.0,0.0,0.0,0.0,0.0,0.0,0.0,0.0,0.0,0.0,0.0,0.0,0.0,0.0,0.0,0.0,0.0,0.0,0.7072700000000001
Basil Thampi,0.0,0.0,0.0,0.0,0.0,0.0,0.0,0.0,0.0,0.0,0.0,0.0,0.0,0.0,0.0,0.0,0.0,0.0,0.0,0.0,0.0,0.0,0.0,0.0,0.0,0.0,0.0,0.0,0.0,0.0,0.0,0.0,0.0,0.0,0.0,0.0,0.0,0.0,0.16955,0.0,0.0,0.0,0.0,0.0,0.0,0.0,0.0,0.0,0.0,0.0,0.0,0.0,0.0,0.0,0.0,0.0,0.0,0.0,0.0,0.0,0.0,0.0,0.0,0.0,0.0,0.0,0.0,0.0,0.0,0.0,0.0,0.0,0.0,0.0,0.16955
B Kumar,0.0,0.0,0.0,0.0,0.0,0.0,0.0,0.0,0.0,0.0,0.0,0.0,0.0,0.0,0.0,0.0,0.0,0.0,0.0,0.0,0.0,0.33295,0.0,0.0,0.0,0.0,0.0,0.0,0.0,0.0,0.0,0.0,0.0,0.0,0.0,0.0,0.0,0.0,0.0,0.0,0.0,0.20713,0.0,0.0,0.0,0.0,0.0,0.0,0.0,0.0,0.0,0.0,0.0,0.0,0.0,0.0,0.0,0.0,0.0,0.0,0.0,0.0,0.09359,0.0,0.0,0.0,0.0,0.0,0.0,0.0,0.0,0.0,0.0,0.0,0.6336700000000001
Abdul Samad,0.0,0.0,0.0,0.0,0.0,0.0,0.0,0.0,0.0,0.0,0.0,0.0,0.0,0.0,0.0,0.0,0.0,0.0,0.0,0.0,0.0,0.0,0.0,0.0,0.0,0.0,0.0,0.0,0.0,0.0,0.0,0.0,0.0,0.0,0.0,0.0,0.0,0.0,0.0,0.0,0.0,0.0,0.0,0.01155,0.0,0.0,0.0,0.0,0.0,0.0,0.0,0.0,0.0,0.0,0.0,0.0,0.0,0.0,0.0,0.0,0.0,0.0,0.0,0.0,0.0,0.0,0.0,0.0,0.0,0.0,0.0,0.0,0.0,0.0,0.01155
DA Warner,0.0,0.0,0.0,0.0,0.0,0.0,0.0,0.0,0.0,0.0,0.0,0.0,0.0,0.0,0.0,0.0,0.0,0.0,0.0,0.0,0.0,0.0,0.0,0.0,0.0,0.0,0.0,0.0,0.0,0.0,0.0,0.0,0.0,0.0,0.0,0.0,0.0,0.0,0.0,0.0,0.0,0.0,0.0,0.0,0.0,0.0,0.0,0.0,0.0,0.0,0.0,0.0,0.0,0.0,0.0,0.0,0.0,0.0,0.0,0.0,0.0,0.0,0.0,0.0,0.0,0.0,0.0,0.0,0.0,0.0,0.0,0.0,0.0,0.0,0.0
MR Marsh,0.0,0.0,0.0,0.0,0.0,0.0,0.0,0.0,0.0,0.0,0.0,0.0,0.0,0.0,0.0,0.0,0.0,0.0,0.0,0.0,0.0,0.0,0.0,0.0,0.0,0.0,0.0,0.0,0.0,0.0,0.0,0.0,0.0,0.0,0.0,0.0,0.0,0.0,0.0,0.0,0.0,0.0,0.0,0.0,0.0,0.0,0.0,0.0,0.0,0.0,0.0,0.0,0.0,0.0,0.0,0.0,0.0,0.0,0.0,0.0,0.0,0.0,0.0,0.0,0.0,0.0,0.0,0.0,0.0,0.0,0.0,0.0,0.0,0.0,0.0
S Kaul,0.0,0.0,0.2643,0.0,0.0,0.0,0.0,0.0,0.0,0.0,0.0,0.0,0.0,0.0,0.0,0.0,0.0,0.0,0.0,0.0,0.0,0.0,0.0,0.0,0.0,0.0,0.0,0.0,0.0,0.0,0.0,0.0,0.0,0.0,0.0,0.0,0.0,0.0,0.0,0.0,0.0,0.0,0.0,0.0,0.0,0.0,0.0,0.0,0.0,0.0,0.0,0.0,0.0,0.0,0.0,0.0,0.0,0.0,0.0,0.0,0.0,0.0,0.0,0.15592,0.0,0.0,0.0,0.0,0.0,0.0,0.0,0.0,0.0,0.0,0.42022
KS Williamson,0.0,0.0,0.0,0.0,0.0,0.0,0.0,0.0,0.0,0.0,0.0,0.0,0.0,0.0,0.0,0.0,0.0,0.0,0.0,0.0,0.0,0.0,0.0,0.0,0.0,0.0,0.0,0.0,0.0,0.0,0.0,0.0,0.0,0.0,0.0,0.0,0.0,0.0,0.0,0.0,0.0,0.0,0.0,0.0,0.0,0.0,0.0,0.0,0.0,0.0,0.0,0.0,0.0,0.0,0.0,0.0,0.0,0.0,0.0,0.0,0.0,0.0,0.0,0.0,0.0,0.0,0.0,0.0,0.0,0.0,0.0,0.0,0.0,0.0,0.0
Mohammad Nabi,0.0,0.0,0.0,0.0,0.0,0.0,0.0,0.0,0.0,0.0,0.0,0.0,0.0,0.0,0.0,0.0,0.0,0.0,0.0,0.0,0.0,0.0,0.0,0.0,0.0,0.0,0.0,0.0,0.0,0.0,0.0,0.0,0.0,0.0,0.0,0.0,0.0,0.0,0.0,0.0,0.0,0.0,0.0,0.0,0.0,0.0,0.0,0.0,0.0,0.0,0.0,0.0,0.0,0.0,0.0,0.0,0.0,0.0,0.0,0.0,0.0,0.0,0.0,0.0,0.0,0.0,0.0,0.0,0.0,0.0,0.0,0.0,0.0,0.0,0.0
,M Vijay,SR Watson,F du Plessis,SM Curran,RD Gaikwad,KM Jadhav,MS Dhoni,RA Jadeja,PP Shaw,S Dhawan,SS Iyer,RR Pant,MP Stoinis,SO Hetmyer,HV Patel,AR Patel,K Rabada,R Ashwin,Shubman Gill,SP Narine,N Rana,AD Russell,KD Karthik,EJG Morgan,PJ Cummins,KL Nagarkoti,DA Warner,JM Bairstow,MK Pandey,KS Williamson,PK Garg,Q de Kock,RG Sharma,SA Yadav,Ishan Kishan,KH Pandya,HH Pandya,D Padikkal,AJ Finch,V Kohli,AB de Villiers,V Shankar,Gurkeerat Singh,KL Rahul,MA Agarwal,GJ Maxwell,N Pooran,RA Tripathi,AT Rayudu,Mandeep Singh,CH Gayle,DJ Hooda,SS Tiwary,KA Pollard,AM Rahane,AT Carey,degree_centrality
JD Unadkat,0.0,0.0,0.0,0.0,0.0,0.0,0.0,0.0,0.0,0.0,0.0,0.0,0.0,0.0,0.0,0.05105,0.0,0.0,0.0,0.06085,0.0,0.0,0.0,0.0,0.0,0.0,0.0,0.0,0.22869,0.0,0.06713,0.0,0.0,0.0,0.0,0.0,0.0,0.0,0.0,0.0,0.0,0.0,0.0,0.0,0.0,0.0,0.0,0.0,0.0,0.0,0.0,0.0,0.0,0.0,0.0,0.01758,0.4253
JC Archer,0.0,0.0,0.65806,0.0,0.0,0.0,0.0,0.0,0.28831,0.43214,0.0,0.0,0.22885,0.0,0.01192,0.0,0.0,0.0,0.33983,0.0,0.24933,0.0,0.11948,0.0,0.0,0.0,0.75497,0.23845,0.0,0.0,0.0,0.356,0.0,0.0,0.0,0.07937,0.0,0.37414,0.0,0.0,0.0,0.0,0.0,0.0,0.0,0.0,0.0,0.0,0.0,0.0949,0.22759,0.0,0.07073,0.0,0.07999,0.0,4.6040600000000005
S Gopal,0.02214,0.0,0.0,0.12081,0.0,0.0,0.0,0.0,0.0,0.38042,0.0,0.0,0.0,0.0,0.0,0.0,0.0,0.0,0.0,0.0,0.0,0.0,0.0,0.0,0.0,0.0,0.0,0.0,0.0,0.0,0.0,0.0,0.20539,0.3099,0.33367,0.0,0.0,0.0,0.37522,0.0,0.0,0.0,0.0,0.0,0.0,0.0,0.0,0.14007,0.0,0.0,0.0,0.0,0.0,0.19477,0.0,0.0,2.08239
TK Curran,0.0,0.0,0.0,0.0,0.0,0.03062,0.0,0.0,0.0,0.0,0.0,0.0,0.0,0.0,0.0,0.0,0.0,0.0,0.0,0.0,0.0,0.0,0.0,0.0,0.06927,0.0,0.0,0.0,0.0,0.0,0.0,0.0,0.0,0.0,0.0,0.0,0.0,0.0,0.0,0.0,0.0,0.0,0.0,0.0,0.19469,0.0,0.0,0.0,0.0,0.0,0.0,0.0,0.0,0.0,0.0,0.0,0.29458
R Tewatia,0.0,0.17489,0.0,0.10333,0.12836,0.0,0.0,0.0,0.0,0.0,0.0,0.0,0.1723,0.0,0.0,0.0,0.0,0.0,0.25586,0.06418,0.18772,0.0,0.08996,0.0,0.0,0.0,0.0,0.0,0.0,0.0,0.0,0.0,0.0,0.0,0.0,0.0,0.0,0.28169,0.0,0.0,0.0,0.0,0.0,0.0,0.0,0.0,0.0,0.0,0.1951,0.0,0.0,0.0,0.0,0.0,0.0,0.0,1.65339
VR Aaron,0.0,0.0,0.0,0.0,0.0,0.0,0.0,0.0,0.0,0.0,0.0,0.0,0.0,0.0,0.0,0.0,0.0,0.0,0.0,0.0,0.0,0.0,0.0,0.0,0.0,0.0,0.0,0.0,0.0,0.0,0.0,0.0,0.0,0.0,0.0,0.0,0.0,0.0,0.0,0.0,0.0,0.0,0.0,0.0,0.0,0.0,0.0,0.0,0.0,0.0,0.0,0.0,0.0,0.0,0.0,0.0,0.0
Kartik Tyagi,0.0,0.12149,0.0,0.0,0.0,0.0,0.07446,0.0,0.0,0.0,0.18558,0.0,0.0,0.06837,0.0,0.0,0.0,0.0,0.0,0.0,0.0,0.03998,0.0,0.0,0.06153,0.0,0.0,0.12472,0.0,0.0,0.0,0.18621,0.0,0.0,0.19825,0.0,0.0,0.0,0.0,0.20531,0.0,0.0,0.0,0.0,0.0,0.0,0.0,0.0,0.0,0.0,0.0,0.0,0.0,0.0,0.0,0.0,1.2659
AJ Tye,0.0,0.0,0.0,0.0,0.0,0.0,0.0,0.0,0.0,0.0,0.34715,0.0,0.0,0.0,0.0,0.06997,0.0,0.0,0.0,0.0,0.0,0.0,0.0,0.0,0.0,0.0,0.0,0.0,0.0,0.0,0.0,0.0,0.0,0.0,0.0,0.0,0.0,0.0,0.0,0.0,0.0,0.0,0.0,0.0,0.0,0.0,0.0,0.0,0.0,0.0,0.0,0.0,0.0,0.0,0.0,0.0,0.41712000000000005
AS Rajpoot,0.0,0.0,0.0,0.0,0.0,0.0,0.0,0.0,0.0,0.0,0.0,0.0,0.0,0.0,0.0,0.0,0.0,0.0,0.0,0.0,0.0,0.04806,0.0,0.0,0.0,0.0,0.0,0.0,0.0,0.0,0.0,0.0,0.0,0.0,0.0,0.0,0.0,0.0,0.0,0.0,0.0,0.0,0.0,0.32376,0.0,0.0,0.0,0.0,0.0,0.0,0.0,0.0,0.0,0.0,0.0,0.0,0.37182
R Parag,0.0,0.0,0.0,0.0,0.0,0.0,0.0,0.0,0.0,0.0,0.0,0.0,0.0,0.0,0.0,0.0,0.0,0.0,0.0,0.0,0.0,0.0,0.0,0.0,0.0,0.0,0.0,0.0,0.0,0.0,0.0,0.0,0.0,0.0,0.0,0.0,0.0,0.0,0.0,0.0,0.0,0.0,0.0,0.0,0.0,0.0,0.0,0.0,0.0,0.0,0.0,0.0,0.0,0.0,0.0,0.0,0.0
BA Stokes,0.0,0.0,0.0,0.0,0.0,0.0,0.0,0.0,0.0,0.0,0.0,0.0,0.0,0.0,0.0,0.0,0.0,0.0,0.0,0.0,0.0,0.0,0.0,0.0,0.0,0.0,0.0,0.0,0.0,0.0,0.0,0.0,0.0,0.0,0.0,0.0,0.0,0.0,0.0,0.0,0.0,0.0,0.0,0.31961,0.0,0.0,0.17436,0.0,0.0,0.0,0.0,0.0,0.0,0.0,0.0,0.0,0.49397
